{"accuracy": [0.5923892259597778, 0.8569172620773315, 0.9134931564331055, 0.9396116137504578, 0.9547762870788574], "loss": [1.3857898712158203, 0.45001161098480225, 0.2651210427284241, 0.1851280778646469, 0.1367795765399933], "val_accuracy": [0.8225017189979553, 0.9104825854301453, 0.9252788424491882, 0.937571108341217, 0.9295470118522644], "val_loss": [0.5518163442611694, 0.2835804224014282, 0.22890394926071167, 0.1908145546913147, 0.23196202516555786]}